City_ID,City,Lat,Lng,Max Temp,Humidity,Cloudiness,Wind Speed,Country,Date
0,saint-louis,16.3333,-15.0,98.17,26,5,3.51,SN,1697659249
1,ushuaia,-54.8,-68.3,60.46,42,0,16.11,AR,1697659223
2,faya-largeau,17.9257,19.1043,83.48,18,72,13.02,TD,1697659249
3,harnosand,62.6323,17.9379,32.0,88,6,6.67,SE,1697659250
4,port-aux-francais,-49.35,70.2167,38.59,97,100,19.26,TF,1697659250
5,batesville,35.7698,-91.641,75.94,37,0,10.36,US,1697659182
6,vila franca do campo,37.7167,-25.4333,74.88,99,42,17.81,PT,1697659250
7,carnarvon,-24.8667,113.6333,72.63,69,89,23.87,AU,1697659212
8,santo antonio do amparo,-20.9464,-44.9189,79.11,55,100,4.74,BR,1697659250
9,isafjordur,66.0755,-23.124,48.22,69,99,15.08,IS,1697659250
10,invercargill,-46.4,168.35,52.02,85,100,5.01,NZ,1697659250
11,colchani,-20.3,-66.9333,64.53,29,11,11.7,BO,1697659250
12,hithadhoo,-0.6,73.0833,80.47,80,93,7.67,MV,1697659221
13,avarua,-21.2078,-159.775,71.65,64,75,9.22,CK,1697659251
14,port-vila,-17.7338,168.3219,76.96,83,92,7.67,VU,1697659251
15,weno,7.4515,151.8468,78.75,94,40,3.44,FM,1697659251
16,ribeira grande,38.5167,-28.7,72.0,94,75,26.46,PT,1697659252
17,tiksi,71.6872,128.8694,16.5,97,100,3.6,RU,1697659253
18,adamstown,-25.066,-130.1015,72.23,80,100,5.08,PN,1697659253
19,hermanus,-34.4187,19.2345,61.75,89,3,15.35,ZA,1697659253
20,tazovsky,67.4667,78.7,39.83,93,100,13.96,RU,1697659253
21,ust-nera,64.5667,143.2,2.21,91,100,4.0,RU,1697659253
22,asbe teferi,9.0833,40.8667,64.96,52,7,4.36,ET,1697659253
23,new norfolk,-42.7826,147.0587,48.7,77,98,2.51,AU,1697659254
24,lazaro cardenas,17.9583,-102.2,74.95,95,100,3.36,MX,1697659254
25,san rafael,-34.6177,-68.3301,56.79,67,83,13.04,AR,1697658981
26,egilsstadir,65.2653,-14.3948,46.31,71,75,16.11,IS,1697659254
27,olonkinbyen,70.9221,-8.7187,38.08,88,100,23.89,SJ,1697659254
28,iskateley,67.6803,53.1512,34.02,89,100,8.99,RU,1697659254
29,alvaraes,-3.2208,-64.8042,93.07,49,48,6.98,BR,1697659255
30,sandnessjoen,66.0217,12.6316,35.71,64,20,11.5,NO,1697659255
31,usogorsk,63.4106,48.6872,37.67,87,100,9.44,RU,1697659255
32,st. john's,47.5649,-52.7093,48.15,73,75,17.27,CA,1697659255
33,blackmans bay,-43.0167,147.3167,47.52,92,92,2.15,AU,1697659255
34,wailua homesteads,22.0669,-159.378,81.12,70,34,5.01,US,1697659255
35,tyukhtet,56.5389,89.3011,42.01,94,16,5.37,RU,1697659255
36,vorkuta,67.5,64.0,33.17,82,36,13.87,RU,1697659256
37,papao,-17.75,-149.55,74.88,81,100,15.64,PF,1697659256
38,thompson,55.7435,-97.8558,46.56,53,40,5.75,CA,1697659257
39,grytviken,-54.2811,-36.5092,38.71,96,100,10.25,GS,1697659257
40,bredasdorp,-34.5322,20.0403,60.66,96,52,9.35,ZA,1697659212
41,kalabo,-14.97,22.6814,82.15,21,33,6.31,ZM,1697659257
42,enewetak,11.3474,162.3373,83.23,78,14,17.72,MH,1697659258
43,santa cruz,-17.8,-63.1667,96.26,36,20,13.8,BO,1697659258
44,taunggyi,20.7833,97.0333,58.55,96,11,2.13,MM,1697659258
45,peniche,39.3558,-9.3811,71.29,89,100,32.41,PT,1697659259
46,iqaluit,63.7506,-68.5145,29.93,92,100,10.36,CA,1697659259
47,waitangi,-43.9535,-176.5597,54.82,80,100,11.99,NZ,1697659259
48,geraldton,-28.7667,114.6,57.61,94,100,10.36,AU,1697659260
49,tryavna,42.8667,25.5,50.83,79,57,4.9,BG,1697659263
50,inhambane,-23.865,35.3833,75.18,83,20,0.0,MZ,1697659265
51,port shepstone,-30.7414,30.455,67.59,91,12,3.8,ZA,1697659266
52,howrah,22.5892,88.3103,78.8,83,20,5.75,IN,1697659266
53,rhinelander,45.6366,-89.4121,61.05,47,75,8.05,US,1697659263
54,vadso,70.0744,29.7487,32.88,86,75,19.57,NO,1697659267
55,ulladulla,-35.35,150.4667,52.74,83,2,5.03,AU,1697659267
56,port mathurin,-19.6833,63.4167,74.73,81,41,10.27,MU,1697659269
57,bethel,41.3712,-73.414,63.68,69,93,2.64,US,1697659271
58,zhangatas,43.5667,69.75,59.9,36,98,3.15,KZ,1697659271
59,polyarnyy,69.1989,33.4478,35.31,61,100,25.21,RU,1697659272
60,minzhu,43.7286,127.3447,39.49,91,91,4.56,CN,1697659272
61,raebareli,26.2167,81.2333,71.29,60,0,5.5,IN,1697659272
62,hamilton,39.1834,-84.5333,66.92,57,90,4.0,US,1697659272
63,barcelos,41.5388,-8.6151,64.85,95,100,17.0,PT,1697659273
64,nizhneudinsk,54.9076,99.0276,39.02,96,100,5.99,RU,1697659273
65,bilibino,68.0546,166.4372,-0.04,100,98,1.77,RU,1697659273
66,klaksvik,62.2266,-6.589,47.32,84,100,30.4,FO,1697659273
67,kodiak,57.79,-152.4072,44.01,64,0,13.15,US,1697659274
68,alofi,-19.0595,-169.9187,75.09,64,100,16.11,NU,1697659274
69,arkhangel'sk,64.5401,40.5433,39.13,78,100,11.65,RU,1697659274
70,vilyuchinsk,52.9306,158.4028,44.92,81,99,8.95,RU,1697659274
71,papatowai,-46.5619,169.4708,50.88,71,100,9.62,NZ,1697659274
72,tenares,19.3744,-70.3509,93.38,56,62,1.01,DO,1697659274
73,bonthe,7.5264,-12.505,79.12,83,65,5.82,SL,1697659274
74,la passe,45.5549,-0.8967,63.99,85,63,6.98,FR,1697659274
75,sisimiut,66.9395,-53.6735,23.65,82,100,14.94,GL,1697659274
76,luderitz,-26.6481,15.1594,61.36,77,24,7.34,NA,1697659275
77,chonchi,-42.6128,-73.8092,65.41,62,10,0.29,CL,1697659275
78,edinburgh of the seven seas,-37.0676,-12.3116,54.7,91,100,27.83,SH,1697659275
79,puerto natales,-51.7236,-72.4875,61.25,44,100,17.27,CL,1697659275
80,alesund,62.4723,6.1549,41.76,70,0,11.5,NO,1697659275
81,greymouth,-42.4667,171.2,48.43,81,82,3.98,NZ,1697659275
82,acajutla,13.5928,-89.8275,86.74,57,69,7.02,SV,1697659275
83,qaqortoq,60.7167,-46.0333,28.96,62,4,6.71,GL,1697659276
84,thinadhoo,0.5333,72.9333,80.65,79,98,8.79,MV,1697659276
85,soto la marina,23.7667,-98.2167,90.36,25,8,11.27,MX,1697659276
86,gulu,2.7746,32.299,64.38,96,100,2.33,UG,1697659276
87,qulsary,46.9531,54.0198,47.95,55,99,0.4,KZ,1697659276
88,fort irwin,35.2627,-116.6848,85.82,14,0,0.0,US,1697659276
89,uturoa,-16.7333,-151.4333,79.03,78,19,10.74,PF,1697659276
90,port alfred,-33.5906,26.891,65.17,95,90,4.0,ZA,1697659277
91,kavaratti,10.5669,72.642,83.19,71,23,5.19,IN,1697659277
92,paracuru,-3.41,-39.0306,80.11,69,58,13.56,BR,1697659277
93,masterton,-40.9597,175.6575,57.88,53,13,4.97,NZ,1697659246
94,natal,-5.795,-35.2094,82.62,65,20,17.27,BR,1697659167
95,kuqa,41.7278,82.9364,53.4,40,57,3.91,CN,1697659228
96,yellowknife,62.456,-114.3525,44.42,94,100,15.01,CA,1697659095
97,nizhnesortymskiy,62.4397,71.7603,45.32,81,100,10.29,RU,1697659278
98,east london,-33.0153,27.9116,67.08,84,96,15.01,ZA,1697659278
99,talnakh,69.4865,88.3972,36.21,96,100,12.41,RU,1697659278
100,korla,41.7597,86.1469,48.04,35,0,3.11,CN,1697659278
101,san juan de miraflores,-12.1629,-76.9635,70.32,81,89,9.62,PE,1697659278
102,vorgashor,67.5833,63.95,32.65,83,45,13.6,RU,1697659278
103,whakatane,-37.9585,176.9854,62.78,81,64,1.41,NZ,1697659278
104,waingapu,-9.6567,120.2641,76.69,79,93,5.84,ID,1697659279
105,salym,60.0625,71.4789,46.63,86,100,6.64,RU,1697659279
106,tateyama,34.9833,139.8667,70.11,63,19,15.23,JP,1697659279
107,san pedro pochutla,15.7333,-96.4667,86.76,55,78,6.31,MX,1697659279
108,saudarkrokur,65.7461,-19.6394,38.19,84,100,6.42,IS,1697659279
109,akureyri,65.6835,-18.0878,46.33,61,20,8.05,IS,1697659280
110,conde,-7.2597,-34.9075,81.86,65,20,16.11,BR,1697659280
111,ballina,-28.8667,153.5667,57.78,70,94,9.46,AU,1697659280
112,udachny,66.4167,112.4,12.45,92,59,3.76,RU,1697659280
113,lata,40.1629,-8.3327,63.07,89,95,12.93,PT,1697659280
114,flying fish cove,-10.4217,105.6791,78.48,83,40,10.36,CX,1697659280
115,port douglas,-16.4833,145.4667,73.92,77,92,14.83,AU,1697659075
116,sal rei,16.1833,-22.9167,84.4,70,20,12.66,CV,1697659281
117,dakhla,23.6848,-15.958,73.42,88,1,13.8,EH,1697659281
118,bardai,11.65,7.2333,79.0,28,52,6.73,NG,1697659281
119,at taj,24.2049,23.2857,71.28,24,5,7.27,LY,1697659281
120,tura,25.5198,90.2201,67.8,89,0,2.84,IN,1697659281
121,qobustan,40.0824,49.412,61.97,76,100,4.68,AZ,1697659281
122,aqsay,51.1678,52.995,39.72,55,0,11.56,KZ,1697659281
123,dizangue,3.7667,9.9833,73.35,96,100,1.72,CM,1697659282
124,acarau,-2.8856,-40.12,81.37,67,4,16.26,BR,1697659282
125,constitucion,-35.3333,-72.4167,58.26,66,44,9.08,CL,1697659282
126,olinda,-8.0089,-34.8553,80.33,69,40,12.66,BR,1697659282
127,alice springs,-23.7,133.8833,49.55,29,0,5.75,AU,1697659215
128,brookings,44.3114,-96.7984,54.1,76,100,18.41,US,1697659197
129,kununurra,-15.7667,128.7333,62.58,72,0,0.0,AU,1697659092
130,cooper's town,26.8667,-77.5167,77.27,62,29,14.99,BS,1697659283
131,coahuayana de hidalgo,18.7,-103.6583,75.07,96,100,3.27,MX,1697659283
132,saldanha,-33.0117,17.9442,66.25,82,38,14.03,ZA,1697659283
133,puerto montt,-41.4698,-72.9447,67.03,63,20,8.05,CL,1697659283
134,aguilares,-27.4338,-65.6143,66.76,60,93,2.64,AR,1697659284
135,college,64.8569,-147.8028,29.07,89,100,11.5,US,1697659202
136,ryotsu-minato,38.0833,138.4333,63.64,75,93,11.68,JP,1697659284
137,slobodskoy,58.7322,50.1772,39.65,87,100,13.4,RU,1697659284
138,port lincoln,-34.7333,135.8667,60.78,52,22,8.95,AU,1697659284
139,albany,42.6001,-73.9662,58.89,68,100,1.77,US,1697659209
140,west island,-12.1568,96.8225,78.78,83,40,8.05,CC,1697659284
141,garissa,-0.4536,39.6401,80.56,67,100,17.56,KE,1697659284
142,lospalos,-8.5186,127.0025,68.41,89,51,1.92,TL,1697659285
143,saint-francois,46.4154,3.9054,62.04,95,75,4.61,FR,1697659285
144,georgetown,5.4112,100.3354,80.02,97,40,3.44,MY,1697659068
145,praia da vitoria,38.7333,-27.0667,71.85,94,75,22.19,PT,1697659285
146,khagaria,25.5,86.4833,72.1,71,0,5.91,IN,1697659285
147,amble,55.3333,-1.5833,53.74,82,98,24.16,GB,1697659285
148,atafu village,-8.5421,-172.5159,83.23,72,54,8.41,TK,1697659286
149,kapa'a,22.0752,-159.319,82.47,70,19,5.01,US,1697659286
150,puerto ayora,-0.7393,-90.3518,85.96,91,89,5.99,EC,1697659287
151,naze,28.3667,129.4833,61.72,60,0,1.32,JP,1697659287
152,aasiaat,68.7098,-52.8699,4.69,94,70,7.27,GL,1697659287
153,tupiza,-21.45,-65.7167,78.73,17,67,18.59,BO,1697659287
154,longyearbyen,78.2186,15.6401,33.64,75,75,25.32,SJ,1697659046
155,nguigmi,14.2495,13.1092,89.51,22,100,11.14,NE,1697659287
156,hincesti,46.8258,28.5936,45.97,66,0,6.2,MD,1697659287
157,la paz,-16.5,-68.15,58.98,50,75,12.66,BO,1697659206
158,bayanhongor,46.7167,100.1167,29.43,63,7,3.74,MN,1697659288
159,bang saphan,11.2126,99.5117,75.51,93,88,4.43,TH,1697659288
160,as sulayyil,20.4607,45.5779,80.85,19,0,6.58,SA,1697659288
161,kalamata,37.0389,22.1142,69.12,68,13,3.44,GR,1697659288
162,kovdor,67.5662,30.4758,23.27,90,95,6.38,RU,1697659289
163,pisco,-13.7,-76.2167,73.45,73,0,10.36,PE,1697659289
164,bamboo flat,11.7,92.7167,77.09,88,40,2.3,IN,1697659289
165,margaret river,-33.95,115.0667,49.48,91,31,7.58,AU,1697659004
166,san julian,21.0167,-102.1667,74.55,18,100,8.23,MX,1697659289
167,ivolginsk,51.7492,107.2837,33.46,75,40,11.18,RU,1697659289
168,atlantic,39.4668,-74.6663,65.12,70,64,1.99,US,1697659289
169,ilulissat,69.2167,-51.1,15.82,79,75,0.0,GL,1697659290
170,gimbi,9.1667,35.8333,56.32,94,93,2.35,ET,1697659290
171,whitehorse,60.7161,-135.0538,45.37,89,100,13.8,CA,1697659227
172,tralee,52.2704,-9.7026,55.8,97,87,2.98,IE,1697659290
173,mount gambier,-37.8333,140.7667,50.02,52,13,6.55,AU,1697659290
174,utrik,11.2278,169.8474,82.78,77,30,17.31,MH,1697659291
175,eisenstadt,47.8457,16.5233,53.92,71,100,14.54,AT,1697659291
176,six-fours-les-plages,43.0938,5.84,67.51,77,97,5.99,FR,1697659291
177,susuman,62.7833,148.1667,0.99,81,100,1.99,RU,1697659291
178,nelson,-41.2833,173.2833,60.3,88,15,1.01,NZ,1697659000
179,punta arenas,-53.15,-70.9167,59.11,47,0,20.71,CL,1697659016
180,ahfir,34.9537,-2.1003,68.61,78,17,2.37,MA,1697659291
181,lupane,-18.9315,27.807,73.98,43,0,11.97,ZW,1697659292
182,portland,45.5234,-122.6762,70.0,65,7,1.01,US,1697658553
183,viedma,-40.8135,-62.9967,79.34,15,39,17.25,AR,1697659118
184,el granada,37.5027,-122.4694,89.87,55,0,5.75,US,1697659292
185,guerrero negro,27.9769,-114.0611,80.98,42,56,13.51,MX,1697659292
186,la libertad,-2.2333,-80.9,83.86,65,40,14.97,EC,1697659292
187,fort-shevchenko,44.5086,50.263,55.08,58,100,14.72,KZ,1697659293
188,bayganin,48.6947,55.8742,41.43,39,98,2.33,KZ,1697659293
189,griffith,41.5284,-87.4237,66.15,61,100,5.01,US,1697659206
190,anadyr,64.75,177.4833,12.7,78,0,11.18,RU,1697659293
191,imperatriz,-5.5264,-47.4917,98.65,34,20,1.14,BR,1697659293
192,kashmar,35.2383,58.4656,63.57,43,0,7.72,IR,1697659293
193,fortuna,40.5982,-124.1573,59.92,100,75,8.05,US,1697659293
194,lerwick,60.1545,-1.1494,50.0,87,52,23.29,GB,1697659294
195,hadithah,34.1397,42.3781,76.55,36,42,8.19,IQ,1697659294
196,holualoa,19.6228,-155.9522,78.78,76,0,5.01,US,1697659294
197,viransehir,37.2353,39.7631,66.16,53,99,3.24,TR,1697659294
198,mount isa,-20.7333,139.5,73.17,15,4,10.36,AU,1697659246
199,fougamou,-1.2154,10.5838,74.1,100,100,0.98,GA,1697659295
200,hadibu,12.65,54.0333,81.97,77,15,6.46,YE,1697659295
201,sierra vista,31.5545,-110.3037,86.58,21,0,8.05,US,1697658482
202,tofol,5.3248,163.0078,82.51,75,100,10.51,FM,1697659295
203,solleftea,63.1667,17.2667,30.06,93,6,4.61,SE,1697659295
204,ain sefra,32.75,-0.5833,72.45,27,7,5.68,DZ,1697659296
205,okhotsk,59.3833,143.3,24.13,62,100,7.2,RU,1697659296
206,jamestown,42.097,-79.2353,55.71,59,20,9.22,US,1697659159
207,kotovo,50.3211,44.8012,39.76,49,100,8.75,RU,1697659296
208,peace river,56.2501,-117.286,55.71,66,75,6.91,CA,1697659296
209,kargil,34.5667,76.1,36.12,50,22,3.58,IN,1697659296
210,broome,42.2506,-75.833,60.01,72,33,1.99,US,1697659297
211,kone,-21.0595,164.8658,68.72,68,2,4.9,NC,1697659297
212,malvan,16.0667,73.4667,81.37,85,59,3.67,IN,1697659297
213,badger,64.8,-147.5333,28.98,88,100,11.5,US,1697659297
214,selfoss,63.9331,-20.9971,49.05,80,100,24.85,IS,1697659297
215,usinsk,65.9939,57.5281,41.07,87,100,14.0,RU,1697659297
216,sao felix do xingu,-6.6447,-51.995,95.32,26,95,1.59,BR,1697659297
217,arno,60.1167,18.6333,38.79,78,60,8.88,SE,1697659298
218,siwa oasis,29.2041,25.5195,77.04,29,0,4.7,EG,1697659298
219,nelson bay,-32.7167,152.15,63.0,91,100,5.01,AU,1697659298
220,mar del plata,-38.0023,-57.5575,63.52,57,0,13.8,AR,1697659298
221,andkhoy,36.9529,65.1238,64.58,51,0,5.32,AF,1697659298
222,daru,-9.0763,143.2092,77.02,89,100,13.31,PG,1697659298
223,afaahiti,-17.75,-149.2833,73.27,85,92,18.39,PF,1697659298
224,al kharijah,25.4514,30.5464,73.69,36,3,8.86,EG,1697659299
225,haiku-pauwela,20.9219,-156.3051,80.26,67,4,10.4,US,1697659299
226,pierre,44.3683,-100.351,60.85,65,100,29.93,US,1697659138
227,tongouson,5.0214,120.1328,81.99,77,100,3.18,PH,1697659299
228,san antonio de pale,-1.4014,5.6325,78.85,81,99,5.14,GQ,1697659299
229,priargunsk,50.3691,119.1012,29.73,53,18,6.35,RU,1697659299
230,port elizabeth,-33.918,25.5701,65.32,92,40,5.75,ZA,1697659299
231,tsuruoka,38.7217,139.8217,57.54,73,100,4.72,JP,1697659300
232,hami,42.8,93.45,49.71,36,0,3.04,CN,1697659300
233,macas,-2.3167,-78.1167,74.95,88,75,5.75,EC,1697659300
234,kapit,2.0167,112.9333,73.71,100,100,1.28,MY,1697659300
235,rongelap,11.1635,166.8941,79.74,85,100,21.72,MH,1697659300
236,pariaman,-0.619,100.12,77.05,87,79,2.3,ID,1697659300
237,janakkala,60.9,24.6,30.27,78,75,5.84,FI,1697659300
238,tadine,-21.55,167.8833,69.89,72,6,15.84,NC,1697659300
239,kingston,17.997,-76.7936,90.55,75,40,18.41,JM,1697659022
240,dudinka,69.4058,86.1778,36.63,98,100,5.99,RU,1697659301
241,hawaiian paradise park,19.5933,-154.9731,83.03,78,50,1.99,US,1697659301
242,mahanoro,-19.9,48.8,73.87,92,100,3.15,MG,1697659301
243,coxim,-18.5067,-54.76,103.46,19,94,7.49,BR,1697659301
244,mandalgovi,45.7625,106.2708,33.6,45,0,3.85,MN,1697659301
245,kisangani,0.5167,25.2,72.59,98,100,2.39,CD,1697659302
246,manismata,-2.4667,111.0333,72.79,99,100,1.05,ID,1697659302
247,miagao,10.6442,122.2352,78.15,82,54,6.78,PH,1697659302
248,paita,-5.0892,-81.1144,73.96,72,81,20.36,PE,1697659302
249,murzuq,25.9155,13.9184,78.17,19,7,7.92,LY,1697659302
250,coyhaique,-45.5752,-72.0662,69.75,23,0,9.22,CL,1697659302
251,sungai penuh,-2.0833,101.3833,67.08,80,99,2.8,ID,1697659302
252,black point,-34.6187,137.8972,60.96,45,9,8.5,AU,1697659302
253,the dalles,45.5946,-121.1787,76.64,62,6,4.0,US,1697659207
254,lebu,-37.6167,-73.65,57.65,68,6,15.84,CL,1697659303
255,saipan,15.1355,145.701,81.3,89,75,10.36,MP,1697659303
256,xinxiang,35.3089,113.8672,64.15,59,99,4.54,CN,1697659303
257,kavalerovo,44.2661,135.0572,44.4,93,53,3.0,RU,1697659303
258,laguna,38.421,-121.4238,87.64,45,0,4.61,US,1697659303
259,ponta delgada,37.7333,-25.6667,75.18,94,40,14.97,PT,1697659303
260,coquimbo,-29.9533,-71.3436,65.93,52,0,16.11,CL,1697659303
261,lompoc,34.6391,-120.4579,94.69,57,0,5.75,US,1697658710
262,saint-philippe,-21.3585,55.7679,76.59,83,88,9.15,RE,1697659303
263,pudozh,61.8099,36.5345,39.94,72,96,13.0,RU,1697659304
264,nar'yan-mar,67.6713,53.087,34.11,89,100,8.99,RU,1697659304
265,nuuk,64.1835,-51.7216,23.88,58,100,21.0,GL,1697659212
266,villa gesell,-37.2639,-56.973,56.12,51,16,13.11,AR,1697659304
267,jamaame,0.0697,42.745,79.39,82,99,8.68,SO,1697659304
268,tolanaro,-25.0319,46.9987,77.07,83,75,6.91,MG,1697659304
269,chengzihe,45.3333,131.0667,38.32,80,25,3.62,CN,1697659304
270,sitka,57.0531,-135.33,51.24,95,100,7.74,US,1697659304
271,keflavik,64.0049,-22.5624,50.43,76,100,34.52,IS,1697659305
272,celestun,20.8667,-90.4,83.71,50,44,14.54,MX,1697659305
273,trincomalee,8.5711,81.2335,77.92,86,85,8.97,LK,1697659305
274,camocim,-2.9022,-40.8411,81.82,70,93,14.74,BR,1697659305
275,irece,-11.3042,-41.8558,87.51,19,99,12.24,BR,1697659275
276,port hedland,-20.3167,118.5667,73.45,31,0,9.22,AU,1697659305
277,klyuchi,52.2667,79.1667,47.03,44,0,8.57,RU,1697659305
278,champerico,14.3,-91.9167,90.14,75,32,7.81,GT,1697659305
279,andergrove,-21.0833,149.1833,68.65,69,100,14.14,AU,1697659305
280,tevriz,57.509,72.4042,47.89,75,100,5.68,RU,1697659305
281,wanning,18.8003,110.3967,78.69,89,100,14.29,CN,1697659306
282,codrington,-38.2667,141.9667,50.61,60,18,6.91,AU,1697659210
283,outjo,-20.1167,16.15,72.16,32,0,12.21,NA,1697659280
284,syktyvkar,61.6764,50.8099,38.55,100,100,8.99,RU,1697659306
285,saint-pierre,-21.3393,55.4781,76.68,88,75,4.61,RE,1697659306
286,sigli,5.3848,95.9609,78.64,83,100,4.14,ID,1697659306
287,minas de marcona,-15.2119,-75.1103,66.6,68,27,14.99,PE,1697659306
288,sechura,-5.5569,-80.8222,80.26,57,65,19.28,PE,1697659306
289,mishkino,55.3389,63.9175,38.98,67,6,10.89,RU,1697659307
290,sinabang,2.4803,96.3801,78.17,86,100,2.21,ID,1697659307
291,vangaindrano,-23.35,47.6,73.44,94,100,8.95,MG,1697659307
292,stanley,54.868,-1.6985,52.79,88,40,17.27,GB,1697659307
293,luwuk,-0.9516,122.7875,76.39,85,25,4.65,ID,1697659307
294,salalah,17.0151,54.0924,78.69,80,2,0.31,OM,1697659088
295,carutapera,-1.195,-46.02,78.98,86,43,9.42,BR,1697659307
296,buka,40.8108,69.1986,63.5,46,100,4.74,UZ,1697659307
297,canton,23.1167,113.25,77.88,86,100,6.8,CN,1697659307
298,mana,5.6592,-53.7767,84.54,73,75,9.89,GF,1697659307
299,kiama,-34.6833,150.8667,60.01,86,1,4.76,AU,1697659308
300,karratha,-20.7377,116.8463,79.29,45,0,9.8,AU,1697659299
301,chicoana,-25.1009,-65.5331,71.65,53,65,10.13,AR,1697659308
302,osterburg,52.7833,11.7667,47.08,82,100,13.89,DE,1697659308
303,petropavlovsk-kamchatsky,53.0452,158.6483,43.45,88,75,6.71,RU,1697659308
304,pontchateau,47.4333,-2.0833,64.74,82,100,14.97,FR,1697659308
305,ahar,38.4774,47.0699,49.51,87,15,2.1,IR,1697659308
306,addiet canna,11.2667,37.4833,58.03,83,62,2.68,ET,1697659308
307,puerto armuelles,8.2833,-82.8667,81.09,72,100,5.01,PA,1697659309
308,goondiwindi,-28.55,150.3167,55.62,70,0,6.51,AU,1697659309
309,fuyuan,46.4333,127.0833,40.08,71,53,12.28,CN,1697659309
310,nampula,-15.1165,39.2666,78.75,57,0,8.05,MZ,1697659309
311,quang ngai,15.1167,108.8,75.69,91,100,3.18,VN,1697659309
312,farasan,16.7022,42.1183,87.26,66,10,3.6,SA,1697659309
313,andovoranto,-18.95,49.1,73.71,94,100,4.43,MG,1697659309
314,nemuro,43.3236,145.575,58.26,82,100,21.43,JP,1697659309
315,sucua,-2.4667,-78.1667,75.94,88,75,5.75,EC,1697659309
316,elena,42.9333,25.8833,52.99,84,23,5.12,BG,1697659310
317,kalmunai,7.4167,81.8167,76.14,86,100,4.94,LK,1697659310
318,severo-yeniseyskiy,60.3725,93.0408,39.58,98,100,5.01,RU,1697659310
319,nadym,65.5333,72.5167,42.1,91,100,11.07,RU,1697659310
320,kas,36.2018,29.6377,69.1,66,3,8.68,TR,1697659310
321,itoman,26.1247,127.6694,72.37,68,20,3.44,JP,1697659310
322,oboyan',51.2098,36.2792,43.3,61,100,11.03,RU,1697659310
323,yuzhno-kurilsk,44.0306,145.8556,57.38,58,99,13.91,RU,1697659310
324,chikwawa,-16.0335,34.8009,76.44,80,43,6.31,MW,1697659311
325,hilo,19.7297,-155.09,83.25,77,27,1.99,US,1697659311
326,novodvinsk,64.4165,40.8122,38.79,78,100,10.71,RU,1697659311
327,cluses,46.0625,6.575,58.91,79,100,4.52,FR,1697659311
328,sola,-13.8833,167.55,77.9,80,88,12.26,VU,1697659311
329,northam,51.0333,-4.2167,59.67,96,100,18.97,GB,1697659311
330,murghob,38.1702,73.9667,32.47,51,81,1.5,TJ,1697659311
331,myskhako,44.6714,37.7433,54.59,60,100,8.57,RU,1697659311
332,queenstown,-31.8976,26.8753,60.22,75,100,5.68,ZA,1697659217
333,sarandi del yi,-33.35,-55.6333,64.08,56,18,12.06,UY,1697659312
334,sao joao de pirabas,-0.7747,-47.1772,81.88,76,20,10.02,BR,1697659312
335,lihue,21.9789,-159.3672,81.73,70,11,8.75,US,1697659312
336,katsuura,35.1333,140.3,67.87,70,21,12.86,JP,1697659312
337,luchegorsk,46.4764,134.2569,39.92,92,67,5.37,RU,1697659312
338,aoulef,26.9667,1.0833,86.43,16,11,9.71,DZ,1697659312
339,tocopilla,-22.092,-70.1979,70.7,64,21,12.48,CL,1697659312
340,yaren,-0.5472,166.916,81.14,77,100,12.55,NR,1697659313
341,port saint john's,-31.6229,29.5448,66.79,79,17,8.32,ZA,1697659313
342,malpica,43.3228,-8.8105,64.22,73,52,18.88,ES,1697659313
343,dzerzhinskoye,56.8344,95.2283,43.75,96,30,4.32,RU,1697659313
344,misratah,32.3754,15.0925,80.62,45,25,9.31,LY,1697659313
345,revelstoke,50.9832,-118.2023,44.62,100,100,2.3,CA,1697659313
346,punta alta,-38.8759,-62.0736,73.08,31,73,8.66,AR,1697659313
347,kangding,30.0513,101.9603,48.36,90,87,2.28,CN,1697659313
348,ikedacho,34.0167,133.8,55.83,89,90,4.81,JP,1697659314
349,salinas,36.6777,-121.6555,95.99,42,0,14.97,US,1697659145
350,tanjung pandan,-2.75,107.65,77.59,88,98,3.31,ID,1697659314
351,mata-utu,-13.2816,-176.1745,80.69,79,100,24.47,WF,1697659314
352,howard springs,-12.497,131.047,76.91,79,27,2.37,AU,1697659314
353,anshun,26.25,105.9333,58.87,95,58,2.55,CN,1697659300
354,taro,-8.3862,115.28,71.6,92,99,0.67,ID,1697659314
355,barra do corda,-5.5,-45.25,100.83,16,28,4.94,BR,1697659314
356,les avirons,-21.2418,55.3394,73.49,88,75,4.61,RE,1697659314
357,la'ie,21.6477,-157.9253,84.16,68,2,7.0,US,1697659315
358,penzance,50.1186,-5.5371,57.88,92,80,14.94,GB,1697659299
359,cidreira,-30.1811,-50.2056,63.14,73,100,10.74,BR,1697659307
360,chivhu,-19.0211,30.8922,58.53,86,2,10.65,ZW,1697659315
361,santa catalina,9.3337,122.8637,77.83,87,100,2.71,PH,1697659315
362,al mindak,20.1588,41.2834,69.4,61,6,1.5,SA,1697659315
363,puerto baquerizo moreno,-0.9,-89.6,83.39,70,75,12.66,EC,1697659315
364,bandarbeyla,9.4942,50.8122,80.92,80,29,6.15,SO,1697659006
365,suluru,13.7,80.0167,77.41,81,92,2.71,IN,1697659316
366,constantia,44.1833,28.65,48.88,66,2,7.83,RO,1697659316
367,tahe,52.3333,124.7333,31.01,62,67,11.99,CN,1697659316
368,bodo,67.28,14.405,32.77,87,20,11.5,NO,1697659316
369,kanel,15.4916,-13.1763,93.2,55,0,0.0,SN,1697659316
370,solnechnyy,50.7214,136.6319,34.61,92,94,3.18,RU,1697659316
371,puerto penasco,31.3167,-113.5333,88.74,36,8,8.19,MX,1697659317
372,chichawatni,30.5333,72.7,70.95,49,0,1.68,PK,1697659317
373,antsiranana,-12.2787,49.2917,75.92,88,24,11.59,MG,1697659317
374,owen sound,44.5672,-80.9435,60.89,66,99,5.01,CA,1697659317
375,sampit,-2.5333,112.95,75.25,97,99,2.1,ID,1697659317
376,soio,-6.1349,12.3689,77.74,86,100,7.47,AO,1697659317
377,kailua-kona,19.6406,-155.9956,82.51,76,0,5.01,US,1697659317
378,callao,-12.0667,-77.15,71.89,68,40,10.36,PE,1697659317
379,tumaco,1.7986,-78.8156,83.32,75,59,9.35,CO,1697659317
380,swakopmund,-22.6833,14.5333,59.85,83,31,1.01,NA,1697659318
381,hirara,24.8,125.2833,71.87,83,75,2.3,JP,1697659318
382,mejit,10.2753,170.8646,83.08,77,44,16.24,MH,1697659318
383,tselinnoye,53.0833,85.6667,45.0,88,6,5.19,RU,1697659318
384,ciudad melchor muzquiz,27.8833,-101.5167,85.28,25,22,8.23,MX,1697659318
385,bikenibeu village,1.3673,173.1241,76.96,94,100,11.5,KI,1697659319
386,lemvig,56.5486,8.3102,46.2,85,100,17.85,DK,1697659319
387,san angelo,31.4638,-100.437,88.29,28,0,13.8,US,1697659319
388,najran,17.4924,44.1277,74.05,26,0,3.74,SA,1697659319
389,leninskoye,41.7589,69.3864,60.22,45,100,5.17,KZ,1697659319
390,la ronge,55.1001,-105.2842,46.62,81,75,10.36,CA,1697659319
391,luena,-11.7833,19.9167,78.98,53,0,4.61,AO,1697659319
392,bel ombre,-4.6167,55.4167,80.44,83,20,5.75,SC,1697659320
393,altai,46.3722,96.2583,31.75,54,0,1.16,MN,1697659320
394,puerto santa,-8.9906,-78.6456,70.54,79,16,11.81,PE,1697659320
395,coihueco,-36.6167,-71.8333,63.34,59,40,10.36,CL,1697659320
396,bangassou,4.7413,22.8184,70.38,96,66,2.35,CF,1697659320
397,myitkyina,25.3833,97.4,67.96,77,0,1.95,MM,1697659320
398,gonzaga,44.9498,10.8209,52.02,80,100,3.04,IT,1697659320
399,ribeira brava,32.65,-17.0667,75.7,75,100,10.76,PT,1697659320
400,nikolayevsk-on-amure,53.1406,140.73,41.29,96,100,1.95,RU,1697659321
401,fort bragg,35.139,-79.006,73.81,44,100,5.75,US,1697658851
402,malabar,-33.9667,151.25,59.13,82,20,4.61,AU,1697659321
403,glace bay,46.1969,-59.957,50.97,79,100,8.05,CA,1697659321
404,calama,-22.4667,-68.9333,75.69,22,0,23.02,CL,1697659105
405,xiva,41.3783,60.3639,48.18,26,99,8.28,UZ,1697659321
406,macapa,0.0389,-51.0664,91.38,62,20,13.8,BR,1697659240
407,at taraf,25.3628,49.725,84.74,67,0,4.97,SA,1697659322
408,crane,31.3974,-102.3501,88.47,18,5,4.5,US,1697659322
409,greenville,35.6127,-77.3663,69.13,50,40,1.99,US,1697659218
410,kramfors,62.9316,17.7765,31.78,86,6,9.22,SE,1697659322
411,dinar,38.065,30.1656,57.16,84,98,3.24,TR,1697659322
412,greenwood,34.1668,-82.1165,72.01,47,40,6.91,US,1697659322
413,purpe,64.4803,76.6897,43.68,92,94,14.63,RU,1697659323
414,nungua,5.6011,-0.0771,80.6,77,100,6.96,GH,1697659323
415,labytnangi,66.6572,66.4183,30.15,92,22,6.8,RU,1697659324
416,langsa,4.4683,97.9683,74.53,95,100,2.77,ID,1697659324
417,weyburn,49.6668,-103.8511,52.02,82,98,8.05,CA,1697659324
418,fernandopolis,-20.2839,-50.2464,94.93,29,41,11.92,BR,1697659325
419,tirebolu,41.0069,38.8139,57.87,87,100,1.5,TR,1697659325
420,vodnyy,63.5046,53.4095,39.42,97,100,9.06,RU,1697659325
421,lubang,13.8584,120.124,82.26,79,22,18.32,PH,1697659325
422,moanda,-1.5575,13.2178,70.97,98,100,2.93,GA,1697659325
423,lexington,37.9887,-84.4777,68.14,46,0,6.91,US,1697659207
424,chibougamau,49.9168,-74.3659,53.22,54,20,13.8,CA,1697659326
425,darhan,49.4867,105.9228,34.56,60,7,2.06,MN,1697659326
426,igarka,67.4667,86.5833,39.4,98,100,15.66,RU,1697659326
427,ceerigaabo,10.6162,47.368,67.87,63,42,11.18,SO,1697659326
428,puerto aysen,-45.4,-72.7,64.53,59,58,5.35,CL,1697659326
429,sao joao da barra,-21.6403,-41.0511,75.29,79,90,17.02,BR,1697659326
430,orangeburg,33.4918,-80.8557,73.81,42,75,3.44,US,1697659086
431,helena valley southeast,46.6153,-111.9216,68.2,29,0,3.44,US,1697659327
432,kuta,-8.7233,115.1723,78.75,94,20,9.22,ID,1697659327
433,bizerte,37.2744,9.8739,78.8,41,20,3.44,TN,1697659327
434,mayya,61.7333,130.2811,20.52,94,100,7.87,RU,1697659327
435,berdigestyakh,62.0989,126.6992,23.29,89,100,8.01,RU,1697659328
436,brisas de zicatela,15.8369,-97.0419,85.17,60,89,7.0,MX,1697659328
437,camamu,-13.9447,-39.1039,77.4,68,66,5.84,BR,1697659328
438,la ferte-mace,48.59,-0.358,56.26,86,80,14.97,FR,1697659328
439,gadzhiyevo,69.2551,33.3362,35.11,60,100,25.81,RU,1697659328
440,rundu,-17.9333,19.7667,75.88,12,0,5.93,NA,1697659328
441,neiafu,-18.65,-173.9833,75.88,73,40,11.5,TO,1697659328
442,kirishi,59.4471,32.0205,38.17,85,64,3.13,RU,1697659329
443,loango,-4.6719,11.8312,76.1,89,98,2.44,CG,1697659329
444,port-cartier,50.0334,-66.8654,52.75,57,6,6.82,CA,1697659329
445,kiunga,-6.1219,141.2906,71.26,99,32,2.13,PG,1697659329
446,kruisfontein,-34.0033,24.7314,60.26,94,95,4.72,ZA,1697659329
447,lobujya,27.95,86.8167,11.95,72,4,1.48,NP,1697659329
448,ulsteinvik,62.3432,5.8487,41.76,86,5,3.0,NO,1697659329
449,pursat,12.3333,103.6667,75.79,86,100,2.15,KH,1697659329
450,san antonio,29.4241,-98.4936,85.15,32,0,10.36,US,1697659171
451,mahina,-17.5065,-149.489,74.97,88,75,13.8,PF,1697659330
452,arta,39.1606,20.9853,64.04,79,29,3.69,GR,1697659330
453,eforie sud,44.0229,28.6494,49.01,66,4,6.76,RO,1697659330
454,karaman,37.0833,33.25,53.67,81,78,8.68,TR,1697659330
455,pico truncado,-46.7949,-67.9573,78.76,9,72,20.4,AR,1697659330
456,ketchikan,55.3422,-131.6461,54.07,94,100,20.71,US,1697659143
457,dwarka,22.2394,68.9678,81.1,78,2,10.45,IN,1697659330
458,nicoya,10.1483,-85.452,83.21,79,99,1.07,CR,1697659330
459,kharp,66.8014,65.8081,29.48,98,79,3.71,RU,1697659331
460,ilhabela,-23.7781,-45.3581,70.23,92,100,7.25,BR,1697659331
461,dem'yanovo,60.3511,47.0842,37.44,88,100,13.06,RU,1697659331
462,fenoarivo be,-18.4333,46.5667,69.96,82,100,3.69,MG,1697659331
463,changping,40.2186,116.2197,62.24,24,100,5.79,CN,1697659331
464,sinop,41.7711,34.8709,50.56,98,100,5.23,TR,1697659331
465,paramonga,-10.6667,-77.8333,71.64,78,37,12.39,PE,1697659331
466,dunedin,-45.8742,170.5036,54.81,70,61,1.99,NZ,1697659238
467,huautla de jimenez,18.1315,-96.8409,67.08,59,69,5.73,MX,1697659332
468,laojunmiao,39.8333,97.7333,36.97,32,0,6.4,CN,1697659332
469,grand-bassam,5.2118,-3.7388,80.56,88,70,7.58,CI,1697659332
470,xining,36.6167,101.7667,36.36,87,45,1.74,CN,1697659332
471,harstad,68.799,16.5293,32.61,96,49,5.99,NO,1697659332
472,ust'-ilimsk,58.0006,102.6619,34.45,92,41,8.01,RU,1697659332
473,touros,-5.1989,-35.4608,79.07,72,0,16.64,BR,1697659270
474,kokoda,-8.8785,147.7407,73.81,93,91,2.1,PG,1697659332
475,auki,-8.7676,160.7034,77.7,84,48,2.91,SB,1697659332
476,muhos,64.808,25.9931,31.78,71,100,8.57,FI,1697659333
477,nova vicosa,-17.8919,-39.3719,78.91,69,3,14.07,BR,1697659333
478,georgievka,49.3314,81.5761,45.61,45,0,7.83,KZ,1697659333
479,kouango,4.9934,19.9619,73.89,93,100,2.28,CF,1697659333
480,"laikit, laikit ii (dimembe)",1.4792,124.9735,70.65,94,20,2.3,ID,1697659333
481,cole harbour,44.6724,-63.4751,53.98,76,75,5.75,CA,1697659333
482,abepura,-2.6333,140.5833,74.21,83,20,0.0,ID,1697659333
483,kourou,5.1552,-52.6478,87.85,71,90,10.47,GF,1697659208
484,armacao de buzios,-22.7469,-41.8817,77.05,88,35,15.82,BR,1697659198
485,prince rupert,54.3161,-130.3201,55.49,88,100,40.29,CA,1697659301
486,beni,0.5,29.4667,63.23,99,96,1.9,CD,1697659334
487,lakatoro,-16.0999,167.4164,78.69,82,100,5.17,VU,1697659334
488,ghat,24.9647,10.1728,84.9,20,89,6.08,LY,1697659334
489,columbus,39.9612,-82.9988,64.63,54,40,10.36,US,1697659155
490,dunay,42.8803,132.3375,47.77,65,97,8.86,RU,1697659334
491,ecoporanga,-18.3733,-40.8306,91.56,30,4,9.69,BR,1697659334
492,aromashevo,56.8602,68.6375,44.13,64,99,9.19,RU,1697659334
493,machico,32.7,-16.7667,75.7,77,20,5.99,PT,1697659334
494,sivas,39.7916,37.0019,48.83,93,75,3.44,TR,1697659335
495,arraial do cabo,-22.9661,-42.0278,75.16,83,75,13.8,BR,1697659335
496,dedougou,12.4667,-3.4667,88.59,36,87,5.41,BF,1697659335
497,lethem,3.3803,-59.7968,90.01,53,70,1.1,GY,1697659335
498,beitbridge,-22.2167,30.0,69.62,62,0,8.28,ZW,1697659335
499,loukhi,66.0764,33.0381,31.82,74,99,9.01,RU,1697659335
500,rabaul,-4.1967,152.1721,78.96,82,25,3.67,PG,1697659335
501,souillac,-20.5167,57.5167,75.58,88,75,2.3,MU,1697659335
502,luau,-10.7073,22.2247,72.05,65,12,4.09,AO,1697659336
503,marakkanam,12.2,79.95,79.86,81,100,6.4,IN,1697659336
504,murudeshwara,14.0943,74.4845,79.16,89,99,3.89,IN,1697659336
505,leua,48.2156,18.6071,47.5,54,100,8.81,SK,1697659336
506,wuchuan,21.4571,110.7659,73.49,97,100,12.66,CN,1697659336
507,borodianka,50.6448,29.9201,43.5,69,37,7.65,UA,1697659286
508,victoria falls,-17.9235,25.843,78.1,33,1,4.41,ZW,1697659336
509,amga,60.8953,131.9608,25.99,52,100,7.0,RU,1697659336
510,borogontsy,62.6683,131.1683,22.28,62,100,1.01,RU,1697659336
511,remire-montjoly,4.9167,-52.2667,87.84,66,20,10.36,GF,1697659336
512,mermoz boabab,14.7065,-17.4758,83.98,79,40,9.22,SN,1697659337
513,mirnyy,62.5353,113.9611,8.35,98,41,3.56,RU,1697659337
514,grants,35.1473,-107.8514,79.03,12,0,14.97,US,1697659337
515,vila velha,-20.3297,-40.2925,78.75,73,100,11.5,BR,1697659222
516,road town,18.4167,-64.6167,87.84,70,40,6.91,VG,1697659337
517,la sarre,48.8002,-79.1996,48.18,73,100,10.58,CA,1697659337
518,hanzhong,33.0728,107.0303,52.54,89,100,2.57,CN,1697659244
519,albina,5.5,-54.05,87.13,62,100,6.06,SR,1697659338
520,pontianak,-0.0333,109.3333,75.18,94,100,2.3,ID,1697659338
521,lesnikovo,55.2822,65.3175,45.79,65,3,12.21,RU,1697659338
522,patong,7.8961,98.2966,86.02,74,61,8.86,TH,1697659285
523,nkoteng,4.5167,12.0333,69.73,97,32,2.37,CM,1697659338
524,banda aceh,5.5577,95.3222,78.87,84,100,2.46,ID,1697659338
525,noosa heads,-26.3833,153.15,63.34,69,95,16.06,AU,1697659338
526,sao geraldo do araguaia,-6.4006,-48.555,101.75,13,87,5.39,BR,1697659338
527,balykshi,47.0667,51.8667,41.0,81,0,2.24,KZ,1697659339
528,ust'-kut,56.7938,105.7672,26.44,94,96,3.0,RU,1697659339
529,bima,-8.4667,118.7167,73.58,89,90,3.91,ID,1697659339
530,sint michiel liber,12.15,-68.9833,91.22,62,20,14.97,CW,1697659264
531,eirunepe,-6.6603,-69.8736,93.38,44,86,4.88,BR,1697659339
532,jianshui,23.6363,102.8264,62.24,95,85,2.01,CN,1697659339
533,kamina,-8.7386,24.9906,66.72,93,67,2.04,CD,1697659339
534,fale old settlement,-9.3852,-171.2468,82.96,72,100,8.39,TK,1697659340
535,taksimo,56.3444,114.8794,29.71,69,68,5.01,RU,1697659340
536,bei'an,24.5399,109.533,73.67,86,100,0.89,CN,1697659340
537,ghanzi,-21.5667,21.7833,72.16,24,0,9.15,BW,1697659340
538,ta`u,-14.2336,-169.5144,78.98,81,100,21.72,AS,1697659340
539,hwange,-18.3693,26.5019,80.11,29,0,6.58,ZW,1697659341
540,alakurtti,66.9672,30.3491,28.74,79,71,8.57,RU,1697659341
541,brigantine,39.4101,-74.3646,64.0,65,100,6.91,US,1697659341
542,khovd,48.0056,91.6419,37.76,40,0,0.34,MN,1697659341
543,vernon,50.2581,-119.2691,61.16,70,100,3.0,CA,1697659189
544,toliara,-23.35,43.6667,73.44,85,94,1.54,MG,1697659341
545,campbell river,50.0163,-125.2446,53.6,100,100,10.36,CA,1697659341
546,krasnyy chikoy,50.3643,108.7512,33.24,84,100,8.99,RU,1697659341
547,novyy urgal,51.0736,132.5642,37.99,92,92,3.91,RU,1697659341
